,City,Cloudiness,Country,Date,Humidity,Lat,Lng,Max Temp,Wind Speed
0,Lagoa,0,PT,1566515815,61,37.14,-8.45,299.15,2.6
1,Carnarvon,15,ZA,1566515785,25,-30.97,22.13,287.9,3.85
2,Mataura,77,NZ,1566515711,86,-46.19,168.86,283.71,0.89
3,Ushuaia,40,AR,1566515774,75,-54.81,-68.31,278.15,1.5
4,Bambous Virieux,40,MU,1566515823,94,-20.34,57.76,293.15,3.6
5,Linxia,93,CN,1566515824,87,35.6,103.21,285.7,0.78
6,Manadhoo,100,MV,1566515825,79,5.77,73.38,300.7,5.59
7,San Carlos de Bariloche,0,AR,1566515827,83,-41.13,-71.31,281.15,3.1
8,Sibu,75,MY,1566515828,94,2.29,111.83,297.15,2.1
9,Rio Gallegos,0,AR,1566515830,75,-51.62,-69.22,279.15,1.5
10,Sabha,0,LY,1566515831,24,27.03,14.43,299.3,5.03
11,Bani,24,YE,1566515832,86,16.02,42.93,302.6,2.47
12,Punta Arenas,40,CL,1566515703,81,-53.16,-70.91,279.15,3.1
13,Dikson,94,RU,1566515835,83,73.51,80.55,280.9,5.64
14,Xining,100,CN,1566515836,85,36.62,101.77,284.5,1.09
15,Jamestown,0,AU,1566515837,63,-33.21,138.6,285.8,4.21
16,Vila do Maio,75,CV,1566515839,69,15.13,-23.22,299.15,4.6
17,Ponta do Sol,4,BR,1566515807,71,-20.63,-46.0,291.6,2.43
18,Albany,75,US,1566515621,56,42.65,-73.75,298.15,3.1
19,Inta,97,RU,1566515842,90,66.04,60.13,283.2,2.17
20,Rikitea,70,PF,1566515798,86,-23.12,-134.97,296.8,8.74
21,Ribeira Grande,0,PT,1566515845,90,38.52,-28.7,296.4,3.38
22,Itarema,5,BR,1566515846,82,-2.92,-39.92,296.3,2.24
23,Hithadhoo,100,MV,1566515847,67,-0.6,73.08,301.3,1.08
24,Hilo,1,US,1566515848,58,19.71,-155.08,304.15,4.1
25,Bonwapitse,0,BW,1566515850,47,-23.08,26.7,284.4,1.55
26,Iquitos,40,PE,1566515851,70,-3.75,-73.25,302.15,2.1
27,Imbituba,75,BR,1566515782,77,-28.24,-48.67,288.15,4.6
28,Bredasdorp,84,ZA,1566515853,93,-34.53,20.04,282.59,1.57
29,Chiredzi,0,ZW,1566515855,76,-21.05,31.67,286.1,0.25
30,New Norfolk,20,AU,1566515856,56,-42.78,147.06,283.15,3.6
31,Raudeberg,100,NO,1566515857,76,61.99,5.14,286.15,8.7
32,Bluff,0,AU,1566515858,48,-23.58,149.07,292.0,8.16
33,Xinxiang,71,CN,1566515859,73,35.3,113.88,295.4,0.43
34,Acapulco,40,MX,1566515861,70,16.86,-99.88,303.15,3.1
35,Kushtagi,100,IN,1566515862,86,15.76,76.19,295.3,5.65
36,Dimbokro,94,CI,1566515724,96,6.65,-4.7,294.4,1.83
37,Tatvan,0,TR,1566515865,54,38.5,42.28,287.2,1.06
38,Cape Town,0,ZA,1566515633,93,-33.93,18.42,287.59,5.1
39,Castro,0,CL,1566515867,87,-42.48,-73.76,282.15,1.0
40,Quzhou,4,CN,1566515868,76,28.97,118.86,301.1,0.81
41,Bilibino,9,RU,1566515869,51,68.06,166.44,283.4,1.1
42,Puerto Ayora,0,EC,1566515871,61,-0.74,-90.35,298.15,2.1
43,Manggar,99,ID,1566515872,69,-2.88,108.27,299.6,2.72
44,Busselton,23,AU,1566515763,78,-33.64,115.35,282.59,12.05
45,East London,29,ZA,1566515636,33,-33.02,27.91,288.1,1.95
46,Nikolskoye,0,RU,1566515806,87,59.7,30.79,287.04,2.0
47,Zharkent,19,KZ,1566515877,76,44.17,80.0,280.7,0.35
48,Kloulklubed,90,PW,1566515878,94,7.04,134.26,299.15,2.5
49,Upernavik,9,GL,1566515879,63,72.79,-56.15,277.2,1.91
50,Ambon,0,FR,1566515881,77,47.55,-2.56,292.15,4.1
51,Kapaa,90,US,1566515704,70,22.08,-159.32,305.15,8.7
52,Mar del Plata,48,AR,1566515771,64,-46.43,-67.52,280.3,4.95
53,Port Alfred,69,ZA,1566515712,90,-33.59,26.89,290.37,0.45
54,Faya,0,SA,1566515885,72,18.39,42.45,294.15,1.21
55,Dingle,100,PH,1566515886,85,11.0,122.67,298.9,2.69
56,Nanortalik,97,GL,1566515761,95,60.14,-45.24,276.0,1.7
57,Yellowknife,90,CA,1566515889,93,62.45,-114.38,283.15,6.7
58,Salalah,75,OM,1566515890,88,17.01,54.1,299.15,2.1
59,Wewak,92,PG,1566515745,67,-3.55,143.63,301.1,1.65
60,Kavieng,97,PG,1566515893,83,-2.57,150.8,300.6,6.2
61,Hobyo,22,SO,1566515894,72,5.35,48.53,298.0,8.98
62,Trairi,14,BR,1566515895,88,-3.28,-39.27,294.4,2.17
63,Port Hardy,90,CA,1566515897,82,50.7,-127.42,288.15,3.1
64,Hasaki,75,JP,1566515898,83,35.73,140.83,301.15,5.7
65,Rotifunk,99,SL,1566515899,96,8.23,-12.68,295.7,0.4
66,Port-Gentil,20,GA,1566515900,88,-0.72,8.78,298.15,5.7
67,Mount Gambier,90,AU,1566515902,81,-37.83,140.78,282.15,3.6
68,Saskylakh,84,RU,1566515903,84,71.97,114.09,282.4,1.54
69,Vanavara,60,RU,1566515904,83,60.35,102.28,285.0,1.09
70,Tuktoyaktuk,75,CA,1566515905,81,69.44,-133.03,279.15,1.5
71,Hofn,98,IS,1566515907,96,64.25,-15.21,277.5,2.69
72,Fort Abbas,0,PK,1566515908,31,29.19,72.85,306.5,5.32
73,Severo-Kurilsk,80,RU,1566515909,94,50.68,156.12,282.4,4.14
74,Arraial do Cabo,75,BR,1566515911,68,-22.97,-42.02,292.15,3.1
75,Portland,40,US,1566515723,78,43.66,-70.25,300.15,2.6
76,Porto Novo,75,BR,1566515913,77,-23.68,-45.44,289.15,6.7
77,Uray,84,RU,1566515914,94,60.13,64.8,286.8,1.92
78,Powell River,20,CA,1566515915,60,49.84,-124.52,295.37,3.6
79,Erenhot,41,CN,1566515917,33,43.65,111.97,292.1,5.98
80,Kununurra,26,AU,1566515918,67,-15.77,128.74,287.15,7.74
81,Punto Fijo,3,VE,1566515919,83,11.69,-70.21,300.8,11.6
82,Kodiak,40,US,1566515805,73,39.95,-94.76,299.82,4.1
83,Vila Velha,0,BR,1566515732,74,-3.71,-38.6,299.15,4.1
84,Wembley,75,CA,1566515923,39,55.15,-119.14,290.15,7.2
85,Honiara,75,SB,1566515924,100,-9.43,159.96,298.15,2.1
86,Ternate,75,PH,1566515925,78,14.29,120.72,302.59,3.1
87,Vila Franca do Campo,75,PT,1566515926,94,37.72,-25.43,296.15,7.2
88,Kingaroy,3,AU,1566515859,62,-26.54,151.84,290.93,5.7
89,Pryazha,0,RU,1566515929,87,61.69,33.62,286.15,4.0
90,Maroantsetra,100,MG,1566515930,99,-15.43,49.74,290.5,2.07
91,Chuy,50,UY,1566515931,88,-33.69,-53.46,282.5,1.65
92,Caravelas,20,BR,1566515932,72,-17.73,-39.27,295.1,5.62
93,Quelimane,20,MZ,1566515934,93,-17.88,36.89,290.15,1.0
94,Yulara,0,AU,1566515935,51,-25.24,130.99,277.15,2.6
95,Tingo Maria,20,PE,1566515936,55,-9.29,-76.01,303.15,5.1
96,Atuona,16,PF,1566515937,71,-9.8,-139.03,299.6,7.83
97,Port Macquarie,90,AU,1566515939,58,-31.43,152.91,290.37,3.6
98,Vryburg,0,ZA,1566515940,62,-26.96,24.73,280.5,0.4
99,Pleshanovo,23,RU,1566515941,93,57.46,28.17,282.15,1.0
100,Hermanus,46,ZA,1566515942,95,-34.42,19.24,284.82,4.54
101,Matara,2,BI,1566515944,69,-3.48,29.48,284.1,0.55
102,Touros,20,BR,1566515945,83,-5.2,-35.46,297.15,2.6
103,Barry,90,GB,1566515946,93,51.4,-3.27,290.37,3.6
104,Nouakchott,20,MR,1566515948,88,18.08,-15.98,300.15,2.1
105,Richards Bay,0,ZA,1566515778,74,-28.77,32.06,292.4,6.3
106,Khatanga,7,RU,1566515788,73,71.98,102.47,285.6,2.37
107,Chokurdakh,100,RU,1566515715,80,70.62,147.9,283.4,2.9
108,Jiuquan,80,CN,1566515952,42,39.73,98.49,291.9,1.84
109,Avarua,0,CK,1566515864,69,-21.21,-159.78,299.15,7.7
110,Atar,0,MR,1566515954,39,20.52,-13.05,306.4,4.77
111,Bethel,1,US,1566515756,59,60.79,-161.76,290.15,4.1
112,Tiksi,98,RU,1566515804,96,71.64,128.87,280.7,2.86
113,Verkhoyansk,87,RU,1566515958,69,67.55,133.39,287.9,0.93
114,Lebu,75,ET,1566515778,87,8.96,38.73,288.15,2.1
115,Sioux Lookout,90,CA,1566515961,59,50.1,-91.92,290.15,2.6
116,Colares,0,PT,1566515962,41,38.8,-9.45,299.15,3.6
117,Muros,0,ES,1566515963,60,42.77,-9.06,298.15,2.1
118,Vaini,98,IN,1566515964,90,15.34,74.49,297.0,0.63
119,Seoul,75,KR,1566515541,94,37.57,126.98,297.15,0.5
120,Cidreira,93,BR,1566515967,80,-30.17,-50.22,286.4,3.37
121,Lasa,0,CY,1566515968,78,34.92,32.53,299.15,2.6
122,Victoria,75,BN,1566515704,83,5.28,115.24,300.15,2.89
123,Kawalu,85,ID,1566515970,90,-7.38,108.21,292.5,2.27
124,Oranjemund,0,ZA,1566515971,58,-28.55,16.43,289.6,4.19
125,Oruro,18,BO,1566515973,43,-17.97,-67.11,283.7,8.34
126,Vardo,75,US,1566515791,83,39.62,-77.74,303.71,3.6
127,Airai,32,TL,1566515975,50,-8.93,125.41,298.8,0.88
128,Petropavlovsk-Kamchatskiy,40,RU,1566515976,72,53.05,158.65,289.15,2.0
129,Kruisfontein,68,ZA,1566515728,83,-34.0,24.73,284.2,1.9
130,West Wendover,1,US,1566515763,17,40.74,-114.07,305.15,6.2
131,Bull Savanna,87,JM,1566515980,73,17.89,-77.59,301.8,0.4
132,Torredonjimeno,0,ES,1566515981,61,37.76,-3.95,298.15,1.0
133,Torbay,90,CA,1566515982,100,47.66,-52.73,290.15,6.7
134,Naze,100,NG,1566515984,96,5.43,7.07,296.2,3.13
135,Bar Harbor,1,US,1566515970,88,44.39,-68.2,295.93,4.1
136,Hami,0,CN,1566515779,26,42.84,93.51,296.6,2.07
137,Komsomolskiy,69,RU,1566515987,96,67.55,63.78,281.4,2.75
138,Waingapu,14,ID,1566515988,72,-9.65,120.26,296.3,5.36
139,Sorland,37,NO,1566515990,87,67.67,12.69,285.0,5.27
140,Argelia,40,CO,1566515991,57,4.73,-76.12,304.15,2.6
141,Marshall,1,US,1566515766,41,32.54,-94.37,308.71,1.42
142,Langsa,100,ID,1566515993,93,4.47,97.97,293.8,1.41
143,Pershotravneve,94,UA,1566515995,84,51.38,28.88,287.9,2.77
144,Sovetskiy,60,RU,1566515996,92,56.76,48.47,287.1,4.51
145,Isparta,0,TR,1566515997,60,37.77,30.56,295.15,4.1
146,Manta,78,RO,1566515999,55,45.1,24.1,294.1,1.34
147,Qaanaaq,93,GL,1566515680,70,77.48,-69.36,274.7,3.11
148,Grinnell,1,US,1566516001,64,41.74,-92.72,298.71,2.6
149,Iqaluit,40,CA,1566516006,38,63.75,-68.52,288.15,5.7
150,Cockburn Town,75,TC,1566516007,80,21.46,-71.14,301.7,7.72
151,Kudahuvadhoo,100,MV,1566516008,70,2.67,72.89,301.1,3.45
152,Hokitika,24,NZ,1566516010,66,-42.72,170.96,284.7,4.93
153,Matucana,37,PE,1566516011,61,-11.84,-76.39,284.2,0.53
154,Conde,0,BR,1566516012,96,-11.81,-37.61,291.9,1.42
155,Zhicheng,82,CN,1566516013,64,35.04,112.59,297.7,0.32
156,Barrow,0,AR,1566515717,73,-38.31,-60.23,280.2,0.49
157,Bilsanda,87,IN,1566516016,81,28.25,79.95,298.2,0.57
158,Cabo San Lucas,90,MX,1566516013,83,22.89,-109.91,300.93,8.7
159,Casablanca,0,MA,1566516018,78,33.6,-7.62,298.15,1.76
160,Dubbo,0,AU,1566515923,57,-32.25,148.6,282.15,3.6
161,Huarmey,41,PE,1566516021,91,-10.07,-78.15,288.2,3.79
162,Iwanai,100,JP,1566516022,94,42.97,140.51,290.5,2.45
163,Guisa,75,CU,1566516024,66,20.25,-76.54,303.15,5.1
164,Flinders,0,AU,1566516025,57,-34.58,150.85,285.37,2.68
165,Saint-Philippe,40,CA,1566516026,69,45.36,-73.48,298.15,5.68
166,Chiang Kham,75,TH,1566516027,100,19.53,100.3,296.15,2.1
167,Ambulu,11,ID,1566516028,87,-8.35,113.61,295.4,2.06
168,Ilulissat,40,GL,1566515836,70,69.22,-51.1,281.15,2.6
169,Aloleng,100,PH,1566516031,75,16.13,119.78,301.4,4.58
170,Deputatskiy,54,RU,1566516033,63,69.3,139.9,287.6,1.2
171,Lupiro,59,TZ,1566516034,48,-8.39,36.67,296.1,1.33
172,Kaeo,100,NZ,1566516035,100,-35.1,173.78,286.48,4.07
173,Mulchen,0,CL,1566516036,87,-37.72,-72.23,286.15,0.87
174,Butaritari,92,KI,1566516038,73,3.07,172.79,302.4,5.35
175,Cherskiy,0,RU,1566516039,55,68.75,161.3,286.0,1.82
176,Bilma,69,NE,1566516040,45,18.69,12.92,304.0,3.21
177,Norman Wells,40,CA,1566515901,54,65.28,-126.83,287.15,6.7
178,Bacabal,10,BR,1566516043,88,-4.23,-44.78,297.0,2.29
179,Peterhead,0,AU,1566516044,76,-34.83,138.5,285.93,4.1
180,Alice Springs,0,AU,1566516045,45,-23.7,133.88,280.15,2.1
181,Bellmead,40,US,1566516047,30,31.59,-97.11,310.15,4.1
182,Abay,0,KZ,1566516048,93,49.63,72.87,278.15,2.0
183,Ayan,0,IR,1566516049,39,38.23,44.7,284.6,1.74
184,Bolivar,1,US,1566515830,78,37.61,-93.41,299.26,1.5
185,Fortuna,40,US,1566516052,72,40.6,-124.16,294.26,8.7
186,Tasiilaq,100,GL,1566516053,75,65.61,-37.64,278.15,2.6
187,Bubaque,74,GW,1566516054,82,11.28,-15.83,299.4,10.86
188,Padang,73,ID,1566516056,85,-0.92,100.36,300.1,8.43
189,Ushtobe,0,KZ,1566516057,60,45.25,77.98,289.5,4.61
190,Svetlogorsk,8,RU,1566516058,87,53.14,59.15,285.15,2.0
191,Aldan,96,RU,1566516059,84,58.61,125.39,288.5,0.92
192,Christchurch,29,NZ,1566516061,50,-43.53,172.64,288.71,4.6
193,Nome,40,US,1566516062,62,30.04,-94.42,306.48,5.1
194,Yumen,38,CN,1566515794,36,40.29,97.04,292.3,0.5
195,Thompson,20,CA,1566516064,55,55.74,-97.86,291.15,5.1
196,Berlevag,98,NO,1566516066,84,70.86,29.09,280.3,9.91
197,Gainesville,1,US,1566516067,55,29.65,-82.33,306.15,4.6
198,Hailar,68,CN,1566516068,84,49.2,119.7,288.8,2.5
199,Isangel,75,VU,1566516069,69,-19.55,169.27,298.15,2.1
200,Taywarah,0,AF,1566516070,31,33.35,64.42,285.3,3.34
201,Borazjan,3,IR,1566516072,74,29.27,51.21,304.15,1.36
202,Orocue,38,CO,1566516073,74,4.79,-71.34,299.7,1.81
203,Provideniya,75,RU,1566516074,66,64.42,-173.23,285.15,4.0
204,Geraldton,90,CA,1566516076,67,49.72,-86.95,288.15,5.7
205,Lichuan,8,CN,1566516077,72,30.3,108.94,297.0,1.58
206,Bacalar,40,MX,1566516078,70,18.68,-88.39,304.15,5.1
207,Saint-Joseph,0,FR,1566515905,73,43.56,6.97,297.15,1.5
208,Hobart,20,AU,1566516080,56,-42.88,147.33,283.15,3.6
209,Najran,0,SA,1566516082,22,17.54,44.22,299.15,0.84
210,Oroquieta,100,PH,1566516083,62,8.49,123.8,300.6,3.09
211,Nuevo Imperial,42,PE,1566516084,90,-13.08,-76.32,287.8,1.5
212,Bunia,5,CD,1566516086,97,1.56,30.25,289.8,0.41
213,Cumpas,31,MX,1566516087,66,30.0,-109.78,300.5,3.91
214,Port Lincoln,0,AU,1566516088,72,-34.72,135.86,285.8,8.82
215,Pereslavl-Zalesskiy,0,RU,1566516089,96,56.74,38.86,283.7,1.95
216,Bathsheba,40,BB,1566515845,74,13.22,-59.52,301.15,4.6
217,Lorengau,100,PG,1566516092,83,-2.02,147.27,300.3,4.67
218,Kamaishi,75,JP,1566516093,88,39.28,141.86,297.15,1.0
219,Suba,0,CN,1566516095,88,28.73,103.51,293.0,1.3
220,Zhenlai,100,CN,1566516096,52,45.84,123.2,296.48,1.79
221,El Sauzal,0,AR,1566516097,51,-24.3,-64.96,288.15,1.0
222,Katsuura,75,JP,1566516099,94,33.93,134.5,300.37,1.5
223,Meulaboh,40,ID,1566516100,78,4.14,96.13,300.4,3.65
224,Binga,0,ZW,1566516102,62,-17.62,27.34,285.1,1.32
225,Agadez,77,NE,1566516103,52,16.97,7.99,302.9,5.47
226,Luderitz,0,NA,1566516104,24,-26.65,15.16,295.15,1.0
227,Sistranda,75,NO,1566516106,87,63.73,8.83,286.48,3.1
228,Codrington,75,AU,1566516107,81,-28.95,153.24,287.15,1.0
229,Aksu,0,KZ,1566516108,93,52.04,76.93,283.15,3.0
230,San Patricio,41,PY,1566516110,94,-26.98,-56.83,284.1,2.1
231,Paka,100,CF,1566516111,97,4.15,15.03,292.4,0.19
232,Paamiut,39,GL,1566516075,91,61.99,-49.67,277.9,9.53
233,Pauini,59,BR,1566516113,56,-7.71,-67.0,299.8,0.35
234,Petlad,40,IN,1566516115,83,22.48,72.8,300.15,1.5
235,Daru,96,PG,1566516116,77,-9.07,143.21,297.9,3.65
236,Lavrentiya,99,RU,1566516117,79,65.58,-170.99,279.6,6.39
237,Olinda,0,AU,1566516118,75,-37.84,145.39,282.59,5.1
238,Rocha,19,UY,1566516086,87,-34.48,-54.34,279.2,0.73
239,Longyearbyen,75,NO,1566515781,71,78.22,15.63,277.15,0.5
240,Shelburne,20,CA,1566516122,56,44.08,-80.2,293.15,4.6
241,Carballo,0,ES,1566516123,83,43.21,-8.69,297.15,2.1
242,Turayf,0,SA,1566516125,30,31.68,38.65,300.15,4.1
243,Mungwi,0,ZM,1566516126,61,-10.17,31.37,282.8,1.73
244,Zhezkazgan,66,KZ,1566516127,71,47.8,67.71,286.15,5.0
245,Tambacounda,75,SN,1566516129,94,13.77,-13.67,298.15,5.1
246,Saint Anthony,1,US,1566516130,38,43.97,-111.68,296.15,6.2
247,Nabire,100,ID,1566516097,95,-3.36,135.5,295.0,1.64
248,Srivardhan,12,IN,1566516132,85,18.03,73.02,298.4,2.66
249,Ayorou,100,NE,1566516134,65,14.73,0.92,300.4,2.0
250,Sardulgarh,7,IN,1566516135,69,29.7,75.25,300.6,2.22
251,Yatou,75,CM,1566516136,100,3.63,9.81,297.15,1.0
252,Taoudenni,19,ML,1566516138,30,22.68,-3.98,310.1,10.22
253,Rize,75,TR,1566516139,83,41.02,40.52,297.15,4.6
254,Hachinohe,75,JP,1566516140,100,40.47,141.48,295.37,3.6
255,Georgetown,20,GY,1566516141,79,6.8,-58.16,302.15,3.1
256,Inawashiro,75,JP,1566516143,100,37.55,140.1,297.15,2.6
257,Ancud,0,CL,1566516093,100,-41.87,-73.83,280.15,2.93
258,Oktyabrskoye,0,RU,1566516145,93,56.73,85.44,283.15,2.0
259,Esperance,90,AU,1566515984,100,-33.86,121.89,285.15,10.8
260,Luba,84,PH,1566516147,83,17.32,120.7,299.2,1.06
261,Tallahassee,75,US,1566516088,74,30.44,-84.28,305.15,2.1
262,Guerrero Negro,0,MX,1566516150,74,27.97,-114.04,295.2,6.17
263,Zhigansk,100,RU,1566516151,79,66.77,123.37,286.8,2.57
264,Baherden,0,TM,1566516152,25,38.44,57.43,295.9,2.29
265,Nouadhibou,12,MR,1566516154,78,20.93,-17.03,295.15,2.6
266,Vung Tau,99,VN,1566516155,84,10.35,107.08,299.4,2.53
267,Husavik,0,CA,1566516156,38,50.56,-96.99,297.04,2.24
268,Pandan,100,PH,1566516157,79,11.72,122.09,300.6,10.62
269,Dzilam Gonzalez,21,MX,1566516159,79,21.28,-88.93,303.15,4.92
270,Sur,39,OM,1566516160,64,22.57,59.53,299.7,4.18
271,Vredendal,1,ZA,1566516161,71,-31.68,18.49,288.9,6.04
272,Jinka,100,ET,1566516162,76,5.79,36.57,292.6,1.41
273,Duldurga,0,RU,1566516164,79,50.67,113.59,287.2,0.2
274,Udarnyy,99,RU,1566516165,90,54.34,42.86,288.2,4.58
275,Palafrugell,0,ES,1566516166,77,41.92,3.16,295.93,1.26
276,Riverdale,20,US,1566516167,40,33.57,-84.41,306.48,4.6
277,Zwedru,71,LR,1566516169,97,6.07,-8.13,293.9,1.26
278,Daoukro,98,CI,1566516170,96,7.06,-3.97,295.1,1.7
279,Henties Bay,0,NA,1566516171,89,-22.12,14.28,287.59,2.36
280,Sao Filipe,50,CV,1566516173,75,14.9,-24.5,298.0,4.63
281,Lata,73,IN,1566516174,84,30.78,78.62,280.1,1.31
282,Gayeri,100,BF,1566516175,91,12.65,0.49,295.5,3.17
283,Moctezuma,31,MX,1566516176,66,29.81,-109.68,300.5,3.91
284,Grojdibodu,0,RO,1566516178,53,43.76,24.27,296.15,4.1
285,Maunabo,75,PR,1566516179,83,18.01,-65.9,301.15,4.1
286,Port Hedland,0,AU,1566516180,37,-20.31,118.58,286.15,4.1
287,Ixtapa,90,MX,1566516050,63,20.71,-105.21,307.15,2.1
288,San Cristobal,51,HN,1566516182,61,14.68,-86.92,297.2,2.59
289,San Luis,0,AR,1566516184,35,-33.3,-66.34,288.9,5.0
290,Lompoc,75,US,1566516108,82,34.64,-120.46,302.04,6.7
291,Shakawe,0,BW,1566516186,30,-18.36,21.84,284.7,3.09
292,Fougamou,95,GA,1566516187,84,-1.22,10.59,296.1,1.7
293,Mirnyy,0,RU,1566516188,91,56.57,36.46,284.0,1.89
294,Rio Grande,0,BR,1566516190,82,-32.03,-52.1,286.15,3.1
295,Dondo,0,MZ,1566516191,60,-19.62,34.74,294.15,1.0
296,Pio IX,0,BR,1566516192,33,-6.83,-40.61,296.3,2.12
297,Teocuitatlan de Corona,75,MX,1566516193,50,20.09,-103.38,298.15,1.5
298,Berezovyy,100,RU,1566516195,96,51.67,135.7,284.6,1.02
299,Corsicana,1,US,1566516196,37,32.09,-96.46,310.15,4.6
300,Smithers,75,CA,1566516164,51,54.78,-127.17,288.15,2.1
301,Kyaikkami,100,MM,1566516198,86,16.08,97.57,299.8,4.59
302,Kupang,20,ID,1566516200,73,-10.16,123.6,295.15,3.6
303,Nyurba,78,RU,1566516201,93,63.29,118.35,286.1,1.35
304,Jati,66,PK,1566516202,70,24.35,68.27,300.5,6.09
305,Eyl,0,SO,1566516203,63,7.98,49.82,298.8,12.63
306,Ukiah,1,US,1566516008,29,39.15,-123.21,309.26,5.1
307,Port Elizabeth,1,US,1566516206,58,39.31,-74.98,305.37,1.5
308,Coolum Beach,60,AU,1566516207,62,-26.53,153.09,289.82,1.79
309,Trincomalee,100,LK,1566516208,75,8.58,81.23,299.2,4.16
310,Kaitangata,94,NZ,1566516209,74,-46.28,169.85,283.71,0.89
311,Gizo,20,IL,1566516211,78,31.8,34.94,300.15,2.6
312,Pisco,0,PE,1566516212,30,-13.71,-76.2,295.15,4.6
313,Westport,75,US,1566516090,69,41.14,-73.36,301.48,4.1
314,General Mamerto Natividad,90,PH,1566516214,94,15.6,121.05,297.15,2.1
315,Saryg-Sep,48,RU,1566516216,67,51.49,95.55,285.3,1.64
316,Santa Cruz de Tenerife,40,ES,1566516050,100,28.47,-16.25,297.59,6.2
317,Veraval,0,FR,1566516218,82,49.65,0.71,288.15,1.0
318,Tura,24,RU,1566516219,65,64.27,100.22,286.4,1.25
319,Mgandu,14,TZ,1566516221,70,-5.96,34.11,288.3,4.44
320,Kahului,20,US,1566516222,55,20.89,-156.47,305.15,10.8
321,Harnosand,100,SE,1566516223,93,62.63,17.94,287.59,3.1
322,Nefteyugansk,0,RU,1566516224,100,61.09,72.61,284.15,3.5
323,Clyde River,20,CA,1566516226,81,70.47,-68.59,280.15,3.1
324,Maskinonge,1,CA,1566516227,41,46.23,-73.02,297.15,3.6
325,Halifax,40,CA,1566515501,65,44.65,-63.58,299.82,2.6
326,Faanui,27,PF,1566516229,76,-16.48,-151.75,298.6,5.6
327,Mitsamiouli,6,KM,1566516231,83,-11.38,43.28,298.0,10.28
328,Sibolga,90,ID,1566516232,80,1.74,98.78,300.1,3.59
329,Ahipara,100,NZ,1566516233,100,-35.17,173.16,285.37,7.86
330,Bullhead City,75,US,1566516170,8,35.15,-114.57,317.15,8.7
331,Filingue,96,NE,1566516236,77,14.35,3.32,299.2,3.08
332,Severodvinsk,90,RU,1566516237,100,64.56,39.82,285.15,3.0
333,Menongue,0,AO,1566516238,48,-14.66,17.68,284.9,2.89
334,Gat,20,SN,1566516239,88,14.69,-16.54,300.15,2.1
335,Shenjiamen,0,CN,1566516241,81,29.96,122.3,301.1,1.67
336,Hervey Bay,23,AU,1566516242,52,-25.3,152.85,297.04,7.7
337,Gwanda,0,ZW,1566516244,74,-20.94,29.0,282.9,1.98
338,High Level,75,CA,1566516245,36,58.52,-117.13,290.15,3.6
339,La Tuque,49,CA,1566516246,72,47.44,-72.79,287.1,2.27
340,Stromness,1,CA,1566516247,56,42.87,-79.55,296.48,2.6
341,Dodge City,1,US,1566516249,48,37.75,-100.02,301.48,7.2
342,Narsaq,2,GL,1566516250,70,60.91,-46.05,280.15,2.1
343,Chuguyevka,90,RU,1566516251,85,44.17,133.87,292.5,0.1
344,Sri Aman,100,MY,1566516253,94,1.24,111.46,297.15,0.5
345,Polunochnoye,96,RU,1566516254,92,60.87,60.43,286.6,1.19
346,Homer,20,US,1566516255,76,59.64,-151.54,288.15,2.1
347,Tateyama,75,JP,1566516256,78,36.66,137.31,300.37,1.0
348,Griffith,0,AU,1566516258,75,-34.29,146.06,280.15,2.1
349,Plouzane,0,FR,1566516237,87,48.38,-4.62,288.15,3.1
350,Dalvik,20,SE,1566515983,77,57.79,14.13,288.71,3.6
351,Namatanai,100,PG,1566516261,91,-3.66,152.44,298.1,10.63
352,Ampanihy,0,MG,1566516262,79,-24.69,44.75,288.6,5.48
353,Havelock,75,US,1566516264,74,34.88,-76.9,303.15,5.1
354,Luquillo,75,PR,1566516134,83,18.37,-65.72,301.15,4.1
355,Moussoro,100,TD,1566516266,80,13.64,16.49,298.8,1.96
356,Gimli,0,CA,1566516270,38,50.63,-96.99,297.04,2.24
357,Juneau,90,US,1566516271,87,58.3,-134.42,284.15,8.7
358,Khorinsk,21,RU,1566516273,54,52.16,109.78,287.4,1.07
359,Saint George,0,GR,1566516274,56,39.45,22.34,296.15,0.3
360,Aklavik,75,CA,1566516124,70,68.22,-135.01,282.15,1.0
361,Baracoa,9,CU,1566516276,84,20.35,-74.5,301.2,5.89
362,Mehamn,98,NO,1566516278,85,71.03,27.85,279.1,6.59
363,Zaraza,100,VE,1566516279,91,9.35,-65.33,297.5,1.13
364,Chilmari,100,BD,1566516280,87,25.59,89.66,300.2,0.95
365,Naron,0,ES,1566516282,83,43.52,-8.15,296.48,2.1
366,Svetlopolyansk,100,RU,1566516283,94,59.42,52.36,287.7,4.7
367,Tanabe,75,JP,1566516284,88,33.73,135.39,301.15,2.6
368,Dicabisagan,100,PH,1566516285,90,17.08,122.42,298.5,1.96
369,Igarka,96,RU,1566516287,75,67.47,86.57,286.8,1.8
370,Dhidhdhoo,100,MV,1566516068,79,6.88,73.1,300.6,3.92
371,Havre-Saint-Pierre,90,CA,1566516289,82,50.23,-63.6,292.15,4.6
372,Houma,82,CN,1566516290,57,35.63,111.36,297.0,1.12
373,Shipitsyno,97,RU,1566516292,93,61.28,46.52,285.6,5.46
374,Tecoanapa,40,MX,1566516293,70,16.99,-99.26,303.15,3.1
375,Kargasok,8,RU,1566516294,96,59.06,80.87,283.9,1.44
376,Serra Talhada,1,BR,1566516296,76,-7.99,-38.29,294.5,7.35
377,Haines Junction,77,CA,1566515794,44,60.75,-137.51,284.0,3.88
378,Madison,75,US,1566516159,49,43.07,-89.38,297.15,4.6
379,Abu Kamal,0,SY,1566516299,35,34.45,40.92,299.1,4.1
380,Asosa,100,ET,1566516301,97,10.07,34.53,291.3,1.42
381,Marsh Harbour,69,BS,1566516302,71,26.54,-77.06,302.1,8.3
382,Ostrovnoy,100,RU,1566516303,88,68.05,39.51,284.0,3.27
383,Searcy,1,US,1566516305,83,35.25,-91.74,303.71,2.6
384,Kharabali,0,RU,1566516306,36,47.41,47.25,298.7,4.49
385,La Sarre,85,CA,1566516307,70,48.8,-79.2,286.0,3.3
386,Kenora,10,CA,1566516309,52,49.76,-94.48,292.15,2.1
387,Tsumeb,0,NA,1566516310,19,-19.25,17.72,286.3,5.17
388,Labuhan,90,ID,1566516311,70,-2.54,115.51,298.5,0.22
389,Noumea,0,NC,1566516045,49,-22.28,166.46,296.15,6.2
390,Mount Isa,0,AU,1566516314,25,-20.73,139.49,292.15,6.2
391,Dawlatabad,0,AF,1566516315,29,36.41,64.91,294.8,3.49
392,Payo,80,ID,1566516316,72,-3.75,103.64,292.7,1.43
393,Hinton,0,CA,1566516318,27,53.4,-117.57,289.5,2.41
394,Nara,75,JP,1566516319,88,34.68,135.8,301.15,4.1
395,Puerto Cabello,63,VE,1566516320,91,10.47,-68.01,297.4,0.58
396,Hirara,75,JP,1566516321,88,24.8,125.28,301.15,5.7
397,Takoradi,73,GH,1566516323,89,4.89,-1.75,296.4,2.47
398,Chalmette,75,US,1566516324,79,29.94,-89.96,304.15,4.6
399,Buala,100,SB,1566516325,80,-8.15,159.59,300.3,2.39
400,Rameswaram,100,IN,1566516306,72,9.28,79.3,300.5,7.59
401,Praia da Vitoria,75,PT,1566516328,100,38.73,-27.07,295.15,3.23
402,Andra,63,RU,1566516329,95,62.52,65.89,284.0,1.18
403,Pitimbu,0,BR,1566516330,88,-7.47,-34.81,296.15,3.1
404,Maku,0,IR,1566516332,31,39.29,44.45,286.6,0.23
405,Port Blair,100,IN,1566516333,80,11.67,92.75,301.4,12.67
406,Kawakawa,100,NZ,1566516334,92,-35.38,174.07,286.48,4.02
407,Sao Joao da Barra,90,BR,1566516335,93,-21.64,-41.05,292.15,1.5
408,San Vicente,75,EC,1566516336,83,-0.59,-80.41,296.15,2.6
409,Viedma,0,AR,1566516338,64,-40.81,-62.99,279.7,0.17
410,Pueblo Nuevo,0,AR,1566516339,41,-32.93,-68.73,288.15,1.5
411,Filadelfia,98,PY,1566516340,40,-22.35,-60.04,296.5,6.07
412,Broken Hill,0,AU,1566516342,66,-31.97,141.45,284.15,5.7
413,Birao,100,CF,1566516343,90,10.3,22.78,295.3,2.3
414,Sitka,16,US,1566516344,50,37.17,-99.65,301.48,3.58
415,San Andres,100,PH,1566516345,71,13.32,122.68,301.1,3.69
416,Maracas,20,TT,1566516347,74,10.76,-61.44,301.48,3.1
417,Avera,1,US,1566516348,52,33.19,-82.53,308.15,2.6
418,Hamilton,40,CA,1566516349,52,43.26,-79.87,296.48,5.1
419,Mabaruma,97,GY,1566516350,98,8.2,-59.78,296.9,1.13
420,Naryan-Mar,92,RU,1566516352,92,67.67,53.09,282.7,2.22
421,Kuching,75,MY,1566516353,100,1.56,110.34,297.15,0.31
422,Hambantota,100,LK,1566516354,77,6.12,81.12,300.6,9.23
423,Tilichiki,13,RU,1566516355,54,60.47,166.1,293.7,2.04
424,Pangnirtung,75,CA,1566516119,87,66.15,-65.72,281.15,2.6
425,Egvekinot,19,RU,1566516358,59,66.32,-179.17,282.4,3.23
426,Huron,1,US,1566516359,50,44.36,-98.21,300.15,4.1
427,Alugan,100,PH,1566516188,86,12.22,125.48,298.6,3.79
428,De-Kastri,82,RU,1566516362,73,51.48,140.77,289.1,2.42
429,Goroka,94,PG,1566516363,73,-6.07,145.39,290.9,1.51
430,Mae Hong Son,100,MM,1566516364,99,19.3,97.96,294.3,0.61
431,Jacareacanga,65,BR,1566516365,55,-6.22,-57.76,300.1,0.79
432,Keita,40,NG,1566516367,88,7.1,3.65,298.15,2.1
433,Tiznit,44,MA,1566516368,69,29.7,-9.73,295.4,3.51
434,Praia,0,BR,1566516369,68,-20.25,-43.81,292.15,5.1
435,Manama,0,AE,1566516371,55,25.33,56.02,308.15,2.1
436,Concord,1,US,1566516254,47,43.21,-71.54,300.37,3.6
437,Sidi Ali,0,DZ,1566516373,75,36.1,0.42,298.1,6.46
438,Grants,1,US,1566516374,12,35.15,-107.85,304.15,6.7
439,Ulaanbaatar,40,MN,1566516376,71,47.92,106.92,286.15,2.0
440,Saint-Marc-des-Carrieres,1,CA,1566516377,43,46.68,-72.05,297.15,4.1
441,Contamana,61,PE,1566516378,61,-7.35,-75.01,299.9,0.46
442,La Baneza,10,ES,1566516379,34,42.3,-5.9,291.48,1.5
443,Tayga,100,RU,1566516381,95,64.77,43.49,284.9,1.82
444,Seydi,58,NE,1566516382,69,13.34,7.75,298.9,3.32
445,Kambja,0,EE,1566516383,82,58.23,26.7,286.15,4.1
446,Maragogi,33,BR,1566516385,96,-9.01,-35.22,293.6,1.88
447,Saint-Pierre,0,FR,1566516386,72,48.95,4.24,289.15,3.1
448,Sisimiut,0,GL,1566516387,88,66.94,-53.67,278.4,3.8
449,Yaypan,3,UZ,1566516388,34,40.38,70.82,293.9,0.81
450,Lebowakgomo,0,ZA,1566516390,35,-24.3,29.54,286.15,3.6
451,Tazovskiy,65,RU,1566516392,77,67.47,78.7,282.1,2.64
452,Araouane,99,ML,1566516393,38,18.9,-3.53,307.7,6.0
453,Port Augusta,0,AU,1566516394,100,-32.49,137.76,283.15,2.1
454,Klaksvik,0,FO,1566516396,87,62.23,-6.59,284.15,3.1
455,Mahebourg,40,MU,1566516227,94,-20.41,57.7,293.15,3.6
456,Laguna,20,BZ,1566516399,70,16.17,-88.94,304.15,3.1
457,Constitucion,90,MX,1566516400,52,23.99,-104.67,294.82,10.3
458,Charlestown,75,US,1566516401,78,41.38,-71.64,302.04,1.5
459,Daule,75,EC,1566516402,78,-1.87,-79.98,296.48,6.7
460,Gujranwala,40,PK,1566516403,66,32.15,74.19,302.15,3.1
461,Liverpool,80,GB,1566515731,93,53.41,-2.98,290.93,2.6
462,Halmstad,99,SE,1566516210,88,56.67,12.86,290.37,1.5
463,Mangrol,59,IN,1566516407,78,25.33,76.51,299.3,2.69
464,Payson,75,US,1566516408,25,40.04,-111.73,304.15,7.2
465,Camacha,40,PT,1566516410,83,33.08,-16.33,294.15,3.1
466,Souillac,0,FR,1566516411,45,45.6,-0.6,294.82,1.5
467,Akdepe,0,TM,1566516412,50,42.05,59.39,297.15,3.1
468,Kano,0,NG,1566516413,83,11.99,8.53,298.15,2.6
469,Baykit,68,RU,1566516415,68,61.68,96.39,284.8,0.95
470,Pandamatenga,0,BW,1566516416,36,-18.54,25.64,285.6,4.29
471,Aleksandrov Gay,66,RU,1566516418,55,50.14,48.57,295.7,3.68
472,Fuerte Olimpo,69,BR,1566516419,42,-21.04,-57.87,302.0,8.21
473,Calama,0,CL,1566516420,5,-22.46,-68.93,292.15,5.7
474,Pacific Grove,75,US,1566516422,72,36.62,-121.92,305.93,5.7
475,Vao,94,EE,1566516423,86,59.1,26.19,285.8,3.66
476,Santa Rosa,8,AR,1566516424,50,-36.62,-64.29,284.4,3.49
477,Namibe,24,AO,1566516425,85,-15.19,12.15,291.7,6.01
478,Quatre Cocos,40,MU,1566516427,94,-20.21,57.76,293.15,3.6
479,Cedar City,1,US,1566516312,4,37.68,-113.06,305.15,9.3
480,Navrongo,100,GH,1566516429,95,10.89,-1.09,295.7,2.43
481,Timra,100,SE,1566516430,93,62.49,17.33,287.04,3.1
482,Beyneu,0,KZ,1566516432,42,45.32,55.19,299.2,6.68
483,Harrismith,16,ZA,1566516433,36,-28.27,29.13,281.1,1.21
484,Elko,75,US,1566516434,23,40.83,-115.76,302.59,4.6
485,Leningradskiy,99,RU,1566516436,87,69.38,178.42,277.3,8.05
486,Chapais,90,CA,1566516437,62,49.78,-74.86,288.15,5.1
487,Hima,31,UG,1566516438,84,0.3,30.18,283.4,1.53
488,Kieta,100,PG,1566516439,85,-6.22,155.63,298.7,2.84
489,Bambanglipuro,57,ID,1566516441,86,-7.95,110.28,296.2,6.87
490,Tautira,40,PF,1566516442,62,-17.73,-149.15,302.15,5.1
491,Pevek,67,RU,1566516443,90,69.7,170.27,275.0,2.86
492,Maumere,3,ID,1566516444,62,-8.63,122.22,298.5,1.32
493,Collie,45,AU,1566516446,77,-33.36,116.15,283.15,2.31
494,Champerico,75,MX,1566516447,43,16.38,-93.6,306.15,2.1
495,Hualmay,10,PE,1566516448,90,-11.1,-77.61,288.3,4.6
496,Aripuana,19,BR,1566516449,36,-9.17,-60.63,301.5,0.92
497,Golden,75,US,1566516451,17,39.76,-105.22,304.26,5.7
498,Okhotsk,100,RU,1566516452,84,59.36,143.24,286.7,2.8
499,Varhaug,75,NO,1566516453,87,58.61,5.65,289.26,6.2
500,Praya,20,ID,1566516454,94,-8.71,116.27,295.15,1.0
501,Iquique,90,CL,1566516456,72,-20.22,-70.14,288.15,3.6
502,Sedan,0,FR,1566516457,87,49.7,4.94,285.93,1.61
503,Arlit,11,NE,1566516458,51,18.74,7.39,302.8,5.61
504,Yanam,100,IN,1566516459,83,16.73,82.22,299.6,4.29
505,Nakusp,14,CA,1566516191,36,50.24,-117.8,297.59,1.79
506,Kato Mazarakion,0,GR,1566516462,83,38.07,21.65,302.15,1.77
507,Saint-Louis,100,SN,1566516463,100,16.03,-16.5,298.15,3.09
508,Surab,0,PK,1566516464,56,28.49,66.26,293.9,1.14
509,Ahar,0,IR,1566516465,42,38.48,47.07,288.3,1.61
510,Tete,40,MZ,1566516305,77,-16.16,33.59,292.15,2.6
511,Hay River,75,CA,1566516468,62,60.82,-115.79,287.15,8.2
512,Kandi,86,BJ,1566516469,97,11.13,2.93,294.8,1.89
513,Vuktyl,100,RU,1566516470,94,63.86,57.31,285.8,2.92
514,Benton Harbor,1,US,1566516472,56,42.12,-86.45,297.15,6.37
515,Cassilandia,63,BR,1566516473,36,-19.11,-51.73,298.7,4.22
516,Kutum,100,SD,1566516474,68,14.2,24.66,295.3,4.71
517,Poli,42,CM,1566516475,92,8.48,13.24,295.0,0.59
518,Tyup,14,KG,1566516477,75,42.73,78.36,276.6,2.46
519,Kamenka,9,MD,1566516478,80,48.03,28.7,290.37,2.93
520,Salta,0,AR,1566516336,41,-24.79,-65.41,289.15,2.1
521,Gerede,0,TR,1566516481,95,40.8,32.2,287.8,1.21
522,Verkhnevilyuysk,11,RU,1566516485,87,63.45,120.31,287.8,1.49
523,Tessalit,100,ML,1566516486,53,20.2,1.01,300.0,7.07
524,Byron Bay,90,AU,1566515722,47,-28.65,153.62,290.37,3.6
525,Saldanha,22,PT,1566516489,24,41.42,-6.55,294.5,1.95
526,Grindavik,75,IS,1566516241,93,63.84,-22.43,284.15,2.1
527,Vestmanna,0,FO,1566516491,87,62.16,-7.17,284.15,3.1
528,Leeton,0,AU,1566516492,75,-34.55,146.4,280.15,2.6
529,Hamada,75,JP,1566516493,88,34.9,132.08,299.26,4.6
530,Babusnica,0,RS,1566516495,64,43.07,22.41,295.15,2.1
531,Yar-Sale,93,RU,1566516496,92,66.83,70.83,284.0,4.68
532,Agapovka,8,RU,1566516497,93,53.3,59.13,284.15,2.0
533,Ferrol,0,ES,1566516499,88,43.48,-8.23,297.15,2.1
534,Kysyl-Syr,73,RU,1566516500,89,63.9,122.77,288.6,1.72
535,Nancha,100,CN,1566516501,96,47.14,129.26,287.4,1.42
536,Wanaka,66,NZ,1566516502,80,-44.7,169.14,280.37,0.45
537,Cap Malheureux,40,MU,1566516504,94,-19.98,57.61,293.15,3.6
538,Puli,20,TW,1566516505,88,23.97,120.97,301.48,1.0
539,Mpika,0,ZM,1566516506,67,-11.84,31.4,285.9,4.97
540,Mendi,100,ET,1566516507,96,9.8,35.1,290.2,2.29
541,Zhuhai,20,CN,1566516508,77,40.71,112.04,288.15,2.0
542,Qidong,0,CN,1566516510,49,31.81,121.66,305.93,2.8
543,Fort Smith,1,US,1566516511,47,35.39,-94.42,309.15,3.6
544,Smirnykh,100,RU,1566516512,82,49.74,142.83,284.5,2.27
545,Biak,100,ID,1566516514,95,-0.91,122.88,291.4,2.07
546,Borgosesia,0,IT,1566516515,88,45.72,8.28,295.37,3.1
547,Morant Bay,20,JM,1566516516,66,17.88,-76.41,303.15,5.1
548,Gurupi,12,BR,1566516274,23,-11.73,-49.07,303.0,1.78
549,Taltal,0,CL,1566516519,77,-25.41,-70.49,285.9,0.62
